open,high,low,close,tick_volume,EMA_20,EMA_50,RSI,MACD,Signal,Histogram
1.1765,1.17787,1.17574,1.17741,4396,1.1755972291872234,1.1749913957229194,78.90625000000047,0.0008178520523021149,0.000592698305278313,0.00022515374702380194
1.17738,1.17788,1.17654,1.17775,3760,1.1758022549789164,1.175099576282805,76.35726795096431,0.0008836268362186761,0.0006508840114663856,0.00023274282475229053
1.17775,1.1787,1.17757,1.1779,3838,1.1760020402190194,1.175209396820734,81.26126126125908,0.0009370557770509436,0.0007081183645832971,0.00022893741246764643
1.17789,1.17797,1.17661,1.17676,3427,1.176074226864827,1.1752702047885484,69.8142414860693,0.0008772971890758097,0.0007419541294817997,0.00013534305959400997
1.17676,1.17765,1.17668,1.17743,2795,1.1762033481157959,1.1753549026399779,72.30113636363672,0.0008739273872253595,0.0007683487810305117,0.00010557860619484773
1.17743,1.17784,1.17663,1.17724,2623,1.1763020768666723,1.1754288280266454,64.5695364238419,0.0008461712474596705,0.0007839132743163435,6.225797314332701e-05
1.17724,1.17784,1.17681,1.17728,2764,1.1763952124031798,1.1755014230059928,58.76685934489617,0.0008179728901223093,0.0007907251974775366,2.7247692644772692e-05
1.17726,1.17785,1.17709,1.17765,1683,1.1765147159838294,1.1755856809273264,58.20312500000203,0.0008160742011529276,0.0007957949982126148,2.0279202940312775e-05
1.17765,1.17774,1.17702,1.17711,1244,1.1765714096996551,1.1756454581458626,51.88509874326803,0.0007622097103519021,0.0007890779406404724,-2.686823028857032e-05
1.17711,1.17754,1.17697,1.17741,1213,1.176651275442545,1.1757146558656328,54.03087478559182,0.0007352536596063608,0.0007783130844336502,-4.3059424827289364e-05
1.17741,1.17762,1.17712,1.17712,947,1.1766959158765884,1.175769767400314,57.272727272726975,0.0006826213844113305,0.0007591747444291863,-7.655336001785584e-05
1.17718,1.17815,1.17702,1.17783,1830,1.1768039238883419,1.1758505608355958,59.760273972602675,0.0006902442869289871,0.0007453886529291466,-5.514436600015946e-05
1.17783,1.17802,1.17742,1.17784,1421,1.176902597803738,1.1759285780577293,61.6197183098597,0.0006891483354891648,0.0007341405894411502,-4.499225395198541e-05
1.17785,1.1782,1.17772,1.17817,1075,1.1770233027748105,1.1760164769574262,63.9398998330544,0.00070676092811639,0.0007286646571761982,-2.1903729059808167e-05
1.17817,1.17831,1.17764,1.17801,1580,1.1771172739391143,1.1760946543316448,55.72519083969436,0.0006997421795695846,0.0007228801616548755,-2.3137982085290917e-05
1.178,1.17848,1.17776,1.17837,861,1.1772365811830083,1.1761838835735412,55.89353612167196,0.0007149868389180192,0.0007213014971075043,-6.314658189485113e-06
1.17837,1.17877,1.17824,1.17824,876,1.1773321448798646,1.1762645155902651,53.244274809160565,0.0007084122918099567,0.0007187236560479948,-1.0311364238038104e-05
1.17461,1.17556,1.17393,1.17549,561,1.1771567025103535,1.1762341424298626,40.72992700729824,0.00047581499943993855,0.0006701419247263835,-0.000194326925286445
1.17549,1.17689,1.1752,1.17634,702,1.1770789213188912,1.1762382937071227,42.24751066856291,0.0003559645282160684,0.0006073064454243205,-0.00025134191720825214
1.17635,1.17648,1.17577,1.17632,1128,1.1770066430980446,1.1762414978754707,43.294460641399056,0.0002564125689585861,0.0005371276701311737,-0.0002807151011725876
1.17632,1.17644,1.17621,1.17638,661,1.1769469628029927,1.1762469293313347,43.45930232558029,0.00018028026391125884,0.0004657581888871908,-0.00028547792497593197
1.17638,1.17676,1.17632,1.17669,495,1.1769224901550885,1.1762643046516745,42.96187683284387,0.00014330731535383556,0.00040126801418051975,-0.0002579606988266842
1.17668,1.17699,1.17658,1.1767,815,1.1769013006165088,1.176281390743766,46.74085850556417,0.00011350449451419387,0.0003437153102472546,-0.00023021081573306075
1.1767,1.17714,1.17655,1.17705,1297,1.1769154624625557,1.176311532283226,47.16088328075591,0.00011678143551407949,0.0002983285353006196,-0.0001815470997865401
1.17706,1.17719,1.1766,1.17698,1115,1.1769216088946934,1.1763377467034917,48.8562091503265,0.00011243395127746858,0.00026114961849598936,-0.00014871566721852078
1.17698,1.17711,1.17646,1.1769,1305,1.1769195509047228,1.1763597958523744,41.530054644809184,0.00010136473768707077,0.00022919264233420565,-0.00012782790464713488
1.17689,1.17695,1.17607,1.17628,1241,1.1768586412947493,1.1763566666032617,37.21311475409737,4.207843373249531e-05,0.0001917698006138636,-0.00014969136688136828
1.17628,1.17656,1.17624,1.17651,1000,1.176825437361916,1.1763626796776436,36.1666666666657,1.3497102329340649e-05,0.000156115260956959,-0.00014261815862761835
1.17651,1.17662,1.17588,1.17592,850,1.1767392052322099,1.176345319690285,33.74805598755762,-5.6115018881808254e-05,0.00011366920498920555,-0.00016978422387101382
1.17591,1.17592,1.17558,1.17571,756,1.176641185686285,1.176320405192627,28.821656050955042,-0.00012676707944447863,6.558194810246872e-05,-0.00019234902754694733
1.17571,1.1759,1.17551,1.17565,657,1.1765467870494961,1.1762941147929162,29.146537842189744,-0.00018546294365240357,1.5372969751494263e-05,-0.00020083591340389783
1.17565,1.17572,1.17533,1.17543,541,1.1764404263781156,1.176260227938292,49.18478260869628,-0.00024688605158007526,-3.707883451481965e-05,-0.00020980721706525561
1.17543,1.17547,1.17498,1.17504,577,1.1763070524373427,1.1762123758622807,29.81366459627273,-0.0003233071640409424,-9.43245004200442e-05,-0.0002289826636208982
1.17504,1.17546,1.17494,1.17523,848,1.1762044760147388,1.176173851318662,33.92330383480565,-0.00036434014771802303,-0.00014832762987963997,-0.00021601251783838306
1.17523,1.17532,1.17475,1.175,920,1.1760897640133352,1.1761278179336165,30.617977528088403,-0.0004106840506246101,-0.000200798914028634,-0.0002098851365959761
1.175,1.17592,1.175,1.1759,1900,1.1760716912501605,1.176118883897004,40.48192771084124,-0.0003705183443478699,-0.0002347428000924812,-0.0001357755442553887
1.1759,1.17681,1.17583,1.17675,1489,1.1761362920834786,1.176143633548102,50.501002004006914,-0.00026702078707296906,-0.00024119839748857878,-2.5822389584390272e-05
1.17675,1.17746,1.17642,1.17712,2165,1.1762299785517187,1.1761819224285686,50.698602794411386,-0.0001533743158508294,-0.00022363358116102893,7.025926531019954e-05
1.17712,1.17722,1.1767,1.1772,1552,1.176322361546793,1.176221847039213,52.19123505976222,-5.620543593787275e-05,-0.0001901479521163977,0.00013394251617852496
1.1772,1.17821,1.17712,1.17798,1803,1.17648023187567,1.1762907942141458,59.44055944055963,8.278676839190702e-05,-0.0001355610080147368,0.0002183477764066438
1.17798,1.17812,1.17701,1.17713,1642,1.1765421145541777,1.1763237042449637,57.14285714285768,0.00012293408781416382,-8.386198884895667e-05,0.0002067960766631205
1.17714,1.17744,1.177,1.1771,1345,1.176595246501399,1.1763541472157495,55.13043478260974,0.00015059441969400567,-3.697070714036421e-05,0.00018756512683436988
1.1771,1.1773,1.17662,1.17673,1424,1.1766080801679322,1.176368886540622,57.32368896925863,0.00014103377464613764,-1.369810783063839e-06,0.0001424035854292015
1.17672,1.17686,1.1764,1.17679,1160,1.1766254058662244,1.176385400793931,60.037174721189835,0.00013672234305994735,2.62486199855384e-05,0.00011047372307440895
1.17679,1.1774,1.17666,1.1769,1750,1.1766515576884888,1.1764055811549532,61.51012891344396,0.0001405612802152234,4.9111152031475406e-05,9.1450128183748e-05
1.1769,1.17746,1.17684,1.1774,1483,1.1767228379086327,1.176444577972406,67.25043782837254,0.0001818531964454806,7.565956091427645e-05,0.00010619363553120414
1.17741,1.17745,1.1763,1.17683,1696,1.1767330438220964,1.1764596925617234,65.19524617996639,0.00016666192629610777,9.386003399064272e-05,7.280189230546504e-05
1.17683,1.17745,1.17638,1.17717,1856,1.1767746586961825,1.1764875477553813,66.05960264900753,0.00017998315992517888,0.00011108465917754996,6.889850074762893e-05
1.17716,1.17744,1.17676,1.1774,2264,1.176834215010832,1.176523330196347,69.8675496688744,0.00020671651208536979,0.00013021102975911393,7.650548232625585e-05
1.1774,1.17852,1.1774,1.17833,2739,1.176976670724086,1.1765941799925685,70.01647446458111,0.00029949373657456313,0.00016406757112220378,0.00013542616545235935
1.17834,1.17876,1.17782,1.17853,3012,1.1771246068456018,1.176670094502664,66.42066420664318,0.00038472382713949926,0.0002081988223256629,0.00017652500481383636
1.17853,1.17875,1.17792,1.17855,2491,1.177260358574592,1.1767438162868733,64.10256410256477,0.0004487106635975291,0.00025630119058003614,0.00019240947301749295
1.17855,1.17878,1.17778,1.17794,2702,1.1773250863293927,1.176790725452094,56.607142857142726,0.0004450683199268557,0.00029405461644940007,0.00015101370347745562
1.17794,1.17853,1.17782,1.17813,2220,1.1774017447742124,1.1768432460226002,51.49700598802276,0.00045229932337664813,0.0003257035578348497,0.00012659576554179843
1.17812,1.17827,1.17763,1.17799,2659,1.1774577690814303,1.176888216766812,60.00000000000207,0.0004416421400577075,0.00034889127427942127,9.275086577828625e-05
1.17799,1.17803,1.1775,1.17755,1692,1.1774665529784372,1.1769141690504665,54.777070063695376,0.0003931598210469289,0.00035774498363292284,3.541483741400608e-05
1.17755,1.17789,1.1772,1.17732,1822,1.1774525955519195,1.176930083989664,56.455142231946404,0.00033234706602636166,0.0003526654001116106,-2.0318334085248958e-05
1.17732,1.17774,1.17703,1.1776,1723,1.1774666340707844,1.1769563552057554,58.455114822547,0.0003032504965256866,0.00034278241939442584,-3.953192286873926e-05
1.1776,1.17786,1.17747,1.17779,930,1.1774974308259478,1.1769890471584707,59.13757700205225,0.00029215488798195466,0.00033265691311193163,-4.050202512997697e-05
1.17779,1.17804,1.1777,1.17793,1161,1.1775386278901432,1.1770259472699032,55.87583148558696,0.00029130043812042317,0.00032438561811363,-3.3085179993206835e-05
1.17792,1.17799,1.17738,1.17749,1082,1.1775339966625105,1.1770441454161815,57.53424657534142,0.00025221161913324686,0.0003099508183175534,-5.773919918430654e-05
1.17749,1.1777,1.17731,1.17755,1240,1.1775355207898905,1.1770639828508411,54.634146341463996,0.00022349859435277786,0.0002926603735245983,-6.916177917182042e-05
1.17755,1.17778,1.17744,1.17774,1066,1.1775549950003772,1.1770904933272788,54.187192118226726,0.00021361233739547458,0.00027685076629877355,-6.323842890329896e-05
1.17773,1.17809,1.17738,1.17803,886,1.17760023357177,1.177127336726209,45.614035087716225,0.00022656626898287513,0.0002667938668355939,-4.022759785271877e-05
1.17804,1.17829,1.178,1.17816,553,1.1776535446601728,1.1771678333251812,44.47761194029872,0.0002445037792695448,0.0002623358493223841,-1.7832070052839304e-05
1.1778,1.1784,1.1771,1.17824,325,1.1777093975496802,1.1772098790771348,45.45454545454486,0.0002621527827215697,0.00026229923600222126,-1.4645328065153364e-07
1.17828,1.17845,1.17808,1.17845,364,1.1777799311163775,1.1772585112701883,58.47176079734249,0.00028974499018152855,0.0002677883868380827,2.1956603343445847e-05
1.17845,1.17875,1.17842,1.17868,442,1.1778656519624369,1.1773142559262595,59.01639344262379,0.0003264084576766191,0.00027951240100579,4.68960566708291e-05
1.17868,1.17872,1.17842,1.17851,383,1.1779270184422048,1.17736114785072,58.44155844155554,0.0003378523885324558,0.0002911803985111232,4.667199002133263e-05
1.17851,1.17852,1.17805,1.17806,357,1.1779396833524711,1.1773885538173585,58.25242718446609,0.00030707082565872845,0.0002943584839406443,1.2712341718084177e-05
1.17806,1.17812,1.17763,1.17783,485,1.1779292373189025,1.1774058654323643,58.25242718446609,0.0002611072555931404,0.0002877082382711435,-2.6600982678003093e-05
1.17784,1.17784,1.17727,1.17748,968,1.1778864528123405,1.1774087726703106,48.10126582278632,0.00019420010234427743,0.00026900661108577033,-7.48065087414929e-05
1.17748,1.1775,1.17652,1.17669,1099,1.1777725049254508,1.1773805855067692,35.37234042553348,7.654691843317352e-05,0.000230514672555251,-0.00015396775412207747
1.1767,1.17689,1.17613,1.1762,1428,1.1776227425515984,1.1773342880359154,28.953771289537897,-5.559215065309431e-05,0.00017329330791358196,-0.00022888545856667626
1.1762,1.17663,1.17572,1.17614,2081,1.1774815289752556,1.1772874532109776,31.903485254692242,-0.00016327270733751398,0.00010598010486336277,-0.00026925281220087675
1.17614,1.17633,1.17589,1.1761,1047,1.177349954787136,1.1772408864183903,30.458221024255792,-0.00024896804140817075,3.499047560905607e-05,-0.00028395851701722684
1.17609,1.17645,1.17591,1.17624,775,1.1772442448074087,1.1772016359706103,29.508196721310668,-0.000302102926603931,-3.2428204833541345e-05,-0.0002696747217703897
1.17624,1.1763,1.1756,1.17568,791,1.177095269111465,1.1771419639717629,20.101781170485268,-0.000384962418690904,-0.00010293504760501389,-0.0002820273710858901
1.17568,1.17582,1.17537,1.17555,737,1.1769481006246587,1.1770795340120859,16.793893129769003,-0.0004558641584320178,-0.00017352086977041469,-0.0002823432886616031
1.17555,1.17578,1.1755,1.17558,648,1.1768178053270721,1.17702072875671,15.721649484536528,-0.0005038257589877748,-0.00023958184761388673,-0.0002642439113738881
1.17558,1.17597,1.17548,1.1757,915,1.176711347676875,1.1769689354721333,13.720316622688387,-0.000526088257896129,-0.0002968831296703352,-0.00022920512822579382
1.17571,1.17584,1.17516,1.17548,1261,1.1765940764695535,1.1769105458457751,7.671957671955724,-0.0005550849364381882,-0.0003485234910239058,-0.00020656144541428246
1.17549,1.1768,1.17528,1.17623,1465,1.176559402520072,1.1768838577733918,23.85321100917436,-0.000511648317786495,-0.0003811484563764237,-0.00013049986141007132
1.17624,1.17658,1.17514,1.17549,2093,1.1764575546610174,1.176829196684239,22.365591397847737,-0.0005308173679279271,-0.00041108223868672436,-0.00011973512924120275
1.17549,1.17588,1.17488,1.17503,2008,1.176321597074254,1.176758639951524,21.311475409835623,-0.0005764818104272429,-0.0004441621530348281,-0.0001323196573924148
1.17502,1.17533,1.17441,1.17496,2670,1.1761919211624203,1.1766881050514642,22.6086956521727,-0.0006112732475940241,-0.00047758437194666734,-0.0001336888756473568
1.17496,1.17504,1.17429,1.17478,2184,1.1760574524802851,1.1766132774023872,26.065162907266824,-0.0006459243935499348,-0.0005112523762673209,-0.00013467201728261389
1.17478,1.17504,1.17411,1.17469,1851,1.1759272189107342,1.1765378547591563,28.969359331476312,-0.000672891252705865,-0.0005435801515550298,-0.00012931110115083522
1.17471,1.17481,1.17386,1.17446,2485,1.1757874837763787,1.1764563702587973,27.659574468084983,-0.0007046984357741426,-0.0005758038083988524,-0.00012889462737529023
1.17445,1.17479,1.17429,1.17458,1521,1.1756724853214855,1.1763827871113937,30.208333333331822,-0.0007120151924713269,-0.0006030460852133473,-0.00010896910725797962
1.17458,1.17516,1.17432,1.17475,2294,1.175584629576582,1.1763187562442803,30.749354005166055,-0.000696072307348583,-0.0006216513296403945,-7.442097770818856e-05
1.17474,1.17489,1.17444,1.17481,1528,1.1755108553311933,1.1762595893327399,37.09198813056026,-0.0006708626702025544,-0.0006314935977528265,-3.9369072449727894e-05
1.17481,1.1749,1.17401,1.17406,1427,1.1753726786329846,1.1761733309275344,31.32832080200275,-0.0007032954311827488,-0.0006458539644388111,-5.744146674393775e-05
1.17406,1.17446,1.17342,1.17415,2338,1.175256233048891,1.1760939846166507,32.34567901234273,-0.0007135114640739459,-0.0006593854643658381,-5.412599970810788e-05
1.17415,1.17482,1.17407,1.17437,1949,1.1751718299013776,1.176026377376782,33.97590361445499,-0.0006958344361216451,-0.0006666752587169995,-2.9159177404645617e-05
1.17437,1.17444,1.1737,1.17411,2491,1.1750707032441037,1.1759512253227906,33.65155131264599,-0.0006947959163741135,-0.0006722993902484223,-2.2496526125691187e-05
1.17409,1.17498,1.17358,1.17477,3626,1.1750420648399034,1.1759049027611126,32.195121951217345,-0.0006334147864710538,-0.0006645224694929486,3.110768302189485e-05
1.17477,1.17499,1.17328,1.17396,3015,1.1749390110456268,1.1758286320645983,31.654676258990506,-0.0006427211401198729,-0.0006601622036183335,1.7441063498460597e-05
1.17396,1.17425,1.17261,1.17299,3383,1.1747533909460433,1.1757173131601044,28.205128205125774,-0.0007200669027778162,-0.00067214314345023,-4.7923759327586114e-05
1.17303,1.17358,1.17269,1.17332,3013,1.1746168775226105,1.1756233008793162,33.40080971659664,-0.0007461347578201494,-0.0006869414663242139,-5.919329149593549e-05
1.17332,1.17361,1.1727,1.17359,3508,1.174519079663314,1.1755435635899314,38.17097415506799,-0.0007365168692312629,-0.0006968565469056237,-3.9660322325639225e-05
1.17359,1.17365,1.1721,1.1724,3205,1.1743172625525222,1.1754202865864047,31.321370309949728,-0.0008155169067276535,-0.0007205886188700297,-9.492828785762379e-05
1.17244,1.17336,1.17232,1.17325,2402,1.174215618499901,1.1753351773085066,41.03703703703476,-0.0008003116152306422,-0.0007365332181421523,-6.377839708848992e-05
1.17325,1.17386,1.17308,1.17359,2095,1.1741560357856247,1.175266738982683,42.89813486370049,-0.0007521557701519743,-0.0007396577285441168,-1.2498041607857569e-05
1.17359,1.17359,1.17264,1.17283,1964,1.1740297466631842,1.1751711805912053,37.301587301586345,-0.0007664820365986813,-0.0007450225901550297,-2.1459446443651618e-05
1.17283,1.17331,1.17262,1.17305,1736,1.1739364374571668,1.175087997038609,38.60103626942877,-0.0007514216238535543,-0.0007463023968947346,-5.11922695881962e-06
1.17303,1.17336,1.17296,1.17332,1258,1.1738777291279128,1.1750186638214088,44.88950276242913,-0.0007095204842515468,-0.000738946014366097,2.9425530114550263e-05
1.17332,1.17371,1.17284,1.17358,1441,1.1738493739728735,1.174962245632334,46.15384615384615,-0.0006478655118082877,-0.0007207299138545353,7.28644020462476e-05
1.17359,1.1741,1.17354,1.17404,1235,1.1738675288325997,1.1749260791369487,47.843137254902196,-0.0005554820945172789,-0.000687680349987084,0.00013219825546980507
1.17404,1.17446,1.17395,1.17423,1155,1.1739020498961616,1.1748987819158918,50.791556728233004,-0.00046161494883900644,-0.0006424672697574685,0.00018085232091846206
1.17423,1.17468,1.17393,1.17401,1376,1.1739123308584318,1.1748639277231119,44.67787114845851,-0.000400361601668342,-0.0005940461361396432,0.00019368453447130116
1.174,1.17407,1.17376,1.17386,572,1.1739073469671526,1.1748245580084802,49.22839506172843,-0.00035977437409373536,-0.0005471917837304616,0.00018741740963672628
1.17387,1.17407,1.17373,1.17397,509,1.1739133139226618,1.1747910459297164,58.71886120996465,-0.00031510034252857366,-0.0005007734954900841,0.00018567315296151045
1.17366,1.17401,1.1733,1.1736,223,1.1738834745014561,1.1747443382461982,52.473498233216155,-0.00030602410306856953,-0.0004618236170057812,0.00015579951393721167
1.1736,1.17402,1.17355,1.17366,541,1.173862191215603,1.1747018151777198,50.642201834862554,-0.0002906393102943827,-0.00042758675566350154,0.0001369474453691188
1.17366,1.17399,1.17364,1.17388,394,1.1738638872903076,1.1746695871315347,66.51785714285617,-0.0002577237112797448,-0.0003936141467867502,0.0001358904355070054
1.17388,1.17399,1.17379,1.1739,232,1.1738673265959925,1.1746394072440234,58.90410958904126,-0.00022740267260679126,-0.00036037185195075843,0.00013296917934396717
1.1739,1.17411,1.17371,1.17384,280,1.1738647240630409,1.1746080579403362,53.70919881305751,-0.000205841714414845,-0.0003294658244435757,0.00012362411002873072
1.17384,1.17389,1.17338,1.17349,469,1.173829036057037,1.1745642125309113,61.148648648645555,-0.00021452367919949644,-0.0003064773953947599,9.195371619526345e-05
1.1735,1.1738,1.17318,1.17353,1322,1.1738005564325573,1.174523655176758,58.633093525179106,-0.00021569019087763763,-0.00028831995449133546,7.262976361369783e-05
1.17353,1.17385,1.17329,1.1738,1007,1.1738005034389805,1.1744952765423753,58.633093525179106,-0.00019260765511686095,-0.0002691774946164406,7.656983949957963e-05
1.1738,1.17388,1.17306,1.17372,1241,1.1737928364447918,1.1744648735407135,52.69230769230809,-0.00017870985467638434,-0.00025108396662842935,7.237411195204501e-05
1.17372,1.17417,1.17359,1.17387,1060,1.1738001853548117,1.174441545166568,46.28820960698703,-0.0001538188730811907,-0.00023163094791898162,7.781207483779093e-05
1.17387,1.17417,1.17359,1.17379,685,1.1737992153210202,1.1744159943757222,39.908256880729276,-0.0001389462365257721,-0.00021309400564033972,7.414776911456763e-05
1.17379,1.17388,1.17358,1.1737,657,1.1737897662428276,1.1743879161649096,42.43902439024269,-0.00013288994023286094,-0.000197053192558844,6.416325232598305e-05
1.1737,1.17376,1.17316,1.17351,958,1.1737631218387488,1.174353488080011,41.6267942583756,-0.00014178725863311925,-0.00018600000577369903,4.421274714057978e-05
1.17351,1.17378,1.17332,1.17344,732,1.1737323483302966,1.17431766501805,37.073170731707165,-0.00015272632850638068,-0.00017934527032023535,2.661894181385467e-05
1.17344,1.17351,1.17325,1.17337,578,1.1736978389655066,1.1742805016840088,43.428571428571644,-0.00016514039944981462,-0.00017650429614615124,1.1363896696336615e-05
1.17337,1.17346,1.17313,1.17344,722,1.1736732828735537,1.1742475408336557,43.75000000000237,-0.00016740053595021287,-0.00017468354410696358,7.283008156750711e-06
1.17344,1.17369,1.17333,1.17363,822,1.17366916069512,1.1742233235460613,42.774566473984216,-0.00015210690459355192,-0.00017016821620428126,1.8061311610729342e-05
1.17364,1.17368,1.17319,1.1734,699,1.173643526343204,1.1741910363481767,37.11340206185449,-0.00015673888111367162,-0.00016748234918615934,1.0743468072487713e-05
1.17339,1.17342,1.17243,1.17265,1332,1.1735489047867083,1.174130603550209,27.376425855510163,-0.00021841078430040461,-0.00017766803620900841,-4.07427480913962e-05
1.17265,1.17265,1.17174,1.17198,1602,1.1733994852832121,1.1740462661560833,24.406779661014852,-0.00031768750862859463,-0.00020567193069292566,-0.00011201557793566897
1.17198,1.17232,1.17165,1.17171,1863,1.1732385819229063,1.1739546478754526,21.38364779873885,-0.0004133865090722999,-0.0002472148463688005,-0.0001661716627034994
1.17171,1.17175,1.17063,1.1707,1622,1.1729968122159629,1.1738270146254348,10.45918367346566,-0.0005642232016238591,-0.00031061651741981223,-0.00025360668420404685
1.1707,1.17116,1.17043,1.17106,1794,1.1728123539096806,1.1737185042479668,18.333333333328568,-0.0006472522547442683,-0.00037794366488470344,-0.00026930858985956484
1.17106,1.17114,1.17001,1.1703,1799,1.1725730821087588,1.1735844452578506,12.889812889810273,-0.0007655541937445776,-0.0004554657706566783,-0.00031008842308789927
1.1703,1.17043,1.16948,1.16957,2258,1.172287074288877,1.1734270160320526,11.355311355309354,-0.0009077502520071778,-0.0005459226669267782,-0.0003618275850803996
1.16957,1.17067,1.16951,1.1706,1630,1.172126400547079,1.1733161526582467,25.781249999999943,-0.0009266474457798601,-0.0006220676226973946,-0.0003045798230824655
1.17061,1.1707,1.17018,1.17051,2362,1.1719724576378334,1.1732061074559625,26.19047619047518,-0.000938072341803764,-0.0006852685665186685,-0.00025280377528509547
1.17051,1.17144,1.17042,1.17126,1624,1.1719046045294683,1.1731297895165131,34.38395415472725,-0.000876504128240585,-0.0007235156788630518,-0.00015298844937753318
1.17126,1.17152,1.17106,1.17134,1578,1.1718508326695192,1.1730596016923363,35.47925608011472,-0.0008118965064660699,-0.0007411918443836554,-7.07046620824145e-05
1.17134,1.17172,1.17112,1.17121,1423,1.1717898009867078,1.1729870682926367,34.18439716312089,-0.0007623959879079489,-0.0007454326730885143,-1.6963314819434675e-05
1.17121,1.17161,1.17031,1.17036,1950,1.1716536294641642,1.1728840460066507,28.793774319067182,-0.0007827315247881383,-0.0007528924434284391,-2.983908135969929e-05
1.17035,1.17106,1.16971,1.17017,3141,1.171512331419958,1.1727776128299194,28.943937418514054,-0.0008049006032579964,-0.0007632940753943506,-4.160652786364583e-05
1.17017,1.17055,1.17,1.17034,1935,1.1714006808085335,1.1726820201699226,33.709449929478495,-0.0007995356293721834,-0.0007705423861899172,-2.8993243182266152e-05
1.17034,1.17122,1.17027,1.17101,3390,1.1713634731124827,1.1726164507514945,43.15937940761742,-0.0007327734916626749,-0.0007629886072844688,3.0215115621793926e-05
1.17101,1.17125,1.17046,1.17102,2543,1.1713307613874844,1.1725538448396713,44.948755490482824,-0.0006713185576550096,-0.000744654597358577,7.333603970356738e-05
1.17102,1.17116,1.17021,1.17076,2203,1.171276403160105,1.1724834979832137,50.49342105263114,-0.0006362604918919157,-0.0007229757762652447,8.671528437332904e-05
1.17076,1.17133,1.1707,1.17109,2138,1.1712586504781903,1.17242885100348,50.2479338842973,-0.0005752177282101201,-0.0006934241666542199,0.00011820643844409986
1.17109,1.17162,1.17084,1.17109,2184,1.1712425885278865,1.1723763470425592,57.46691871455607,-0.0005208370133229501,-0.000658906735987966,0.00013806972266501593
1.17109,1.17175,1.17091,1.17166,1810,1.1712823420014211,1.1723482550016746,70.37037037036845,-0.00042682549011141546,-0.000612490486812656,0.00018566499670124052
1.17166,1.17179,1.1707,1.17085,1596,1.1712411665727145,1.1722894999035698,52.545824847249,-0.00041292101477341525,-0.0005725765924048078,0.00015965557763139256
1.17085,1.17107,1.17072,1.17094,858,1.1712124840419798,1.1722365783387239,54.37881873727226,-0.000390142055294751,-0.0005360896849827965,0.00014594762968804552
1.17095,1.17098,1.17035,1.17042,1195,1.1711370093713152,1.1721653399724994,41.025641025641995,-0.0004093307103436583,-0.0005107378900549689,0.00010140717971131058
1.17042,1.17077,1.17028,1.17066,1136,1.1710915799073804,1.1721063070324014,42.97520661157036,-0.0004005545203069616,-0.0004887012161053675,8.814669579840586e-05
1.17066,1.17105,1.17035,1.17073,1477,1.1710571437257251,1.1720523342076015,44.97907949790781,-0.0003835298184795555,-0.0004676669365802051,8.413711810064962e-05
1.17077,1.17111,1.17067,1.17111,1202,1.1710621776566086,1.1720153799249504,58.70069605568426,-0.00033550727638154143,-0.0004412350045404724,0.00010572772815893095
1.1711,1.1713,1.17083,1.17096,1011,1.1710524464512173,1.1719739924769133,59.25058548009401,-0.0003060251448077089,-0.00041419303259391973,0.00010816788778621081
1.17095,1.17132,1.1708,1.17121,865,1.1710674515511013,1.1719440319876224,60.00000000000102,-0.0002594961226936032,-0.0003832536506138565,0.00012375752792025325
1.17121,1.1714,1.17108,1.17139,425,1.1710981704509964,1.1719223052430099,54.922279792743886,-0.00020572556550790821,-0.0003477480335926669,0.00014202246808475867
1.1709,1.17156,1.17032,1.17138,352,1.1711250113604255,1.171901038370735,54.66321243523498,-0.00016205090599763494,-0.0003106086080736605,0.00014855770207602558
1.17138,1.17167,1.17135,1.17146,315,1.171156915040385,1.1718837427483533,59.51086956521659,-0.00011960436756663917,-0.00027240775997225625,0.00015280339240561708
1.17146,1.17181,1.17141,1.17175,488,1.171213399322253,1.1718784979346926,59.065934065935295,-6.18516167436578e-05,-0.0002302965313265366,0.0001684449145828788
1.17175,1.17185,1.1716,1.17172,456,1.171261647005848,1.1718722823294105,58.58310626703161,-1.8292035708800114e-05,-0.0001878956322029893,0.0001696035964941892
1.17172,1.17181,1.17155,1.17166,343,1.1712995853862433,1.1718639575321788,50.0,1.1257972631684154e-05,-0.0001480649112360546,0.00015932288386773875
1.17166,1.17166,1.17144,1.17157,333,1.171325339158982,1.1718524297858188,64.75409836065552,2.71019054036703e-05,-0.00011303154790810963,0.00014013345331177993
1.17158,1.17184,1.17136,1.17164,1285,1.1713553068581264,1.1718440992059826,64.46280991735324,4.4790435006936136e-05,-8.146715132510048e-05,0.00012625758633203661
1.17164,1.17177,1.17144,1.1717,788,1.1713881347764001,1.1718384482567286,82.65306122448911,6.292486207515324e-05,-5.258874864504974e-05,0.00011551361072020298
1.1717,1.17173,1.17139,1.1716,1038,1.171408312416743,1.1718290973447,75.82417582417514,6.843844610782135e-05,-2.838330969447552e-05,9.682175580229687e-05
1.1716,1.17176,1.17119,1.17137,866,1.1714046636151483,1.1718110935272608,66.16161616161656,5.3630702018026e-05,-1.1980507351975218e-05,6.561120937000121e-05
1.17137,1.17153,1.17113,1.17139,782,1.1714032670803722,1.1717945800556036,58.64197530863834,4.3013458619789446e-05,-9.817141576222853e-07,4.399517277741173e-05
1.17139,1.17143,1.17112,1.17117,764,1.1713810511679559,1.1717700867200898,56.21301775148232,1.665506611581158e-05,2.5456418970644877e-06,1.4109424218747092e-05
1.17117,1.17145,1.1709,1.17141,856,1.171383808199579,1.1717559656722432,55.95238095238221,1.4959401719583099e-05,5.0283938615682105e-06,9.931007858014888e-06
1.17141,1.17151,1.17119,1.17122,733,1.1713682074186667,1.1717349474105865,44.97041420118258,-1.6962829409994384e-06,3.6834585010546807e-06,-5.379741442054119e-06
1.17122,1.17166,1.17109,1.17152,977,1.171382663854984,1.1717265181003673,53.5353535353489,9.205346261476066e-06,4.787836053138958e-06,4.417510208337108e-06
1.17143,1.17172,1.17136,1.17144,708,1.1713881244402236,1.1717152820964314,49.49494949495176,1.1259838129440425e-05,6.082236468399251e-06,5.177601661041174e-06
1.17144,1.17153,1.17113,1.17132,989,1.1713816363982976,1.1716997808377478,38.121546961320874,3.1685159389560624e-06,5.499492362510614e-06,-2.3309764235545515e-06
1.17132,1.1716,1.171,1.17102,1105,1.171347194836555,1.1716731227656794,33.1730769230723,-2.7138571428997338e-05,-1.0281203957909762e-06,-2.611045103320636e-05
1.17101,1.17148,1.17065,1.17132,1543,1.1713446048521212,1.1716592748140842,42.6724137931022,-2.6642545048360944e-05,-6.15100532630497e-06,-2.0491539722055972e-05
1.17132,1.17214,1.17105,1.17182,1864,1.1713898805804908,1.1716655777625515,54.578754578756275,1.3935738241821483e-05,-2.13365661267968e-06,1.606939485450116e-05
1.17182,1.17184,1.17085,1.17112,1956,1.1713641776680632,1.171644182556177,42.2619047619037,-1.0271427137720224e-05,-3.761210717687789e-06,-6.510216420032435e-06
1.17112,1.17161,1.17053,1.17075,1586,1.171305684556819,1.1716091165735818,37.057220708447,-5.8635771214010646e-05,-1.473612281695236e-05,-4.389964839705829e-05
1.17074,1.17128,1.17042,1.17121,1603,1.171296571741884,1.1715934649432451,45.16129032258224,-5.91646929692935e-05,-2.3621836847420587e-05,-3.554285612187291e-05
1.17121,1.17138,1.17083,1.17109,1366,1.171276898242657,1.1715737212199806,46.42857142857102,-6.847749841343287e-05,-3.259296916062305e-05,-3.588452925280982e-05
1.1711,1.17132,1.17088,1.17099,1537,1.171249574600499,1.171550830191746,45.000000000001116,-8.297069358009779e-05,-4.2668514044517997e-05,-4.030217953557979e-05
1.17099,1.17115,1.17051,1.1707,1738,1.1711972341623562,1.1715174643018738,44.226044226045246,-0.00011651412918256554,-5.743763707212751e-05,-5.9076492110438033e-05
1.1707,1.17129,1.17059,1.17093,1627,1.1711717832897508,1.171494426486114,44.088669950739046,-0.0001231192239801171,-7.057395445372542e-05,-5.2545269526391676e-05
1.17093,1.17109,1.17042,1.17085,1547,1.1711411372621556,1.1714691548592076,45.31645569620317,-0.00013327285410369427,-8.31137343837192e-05,-5.015911971997507e-05
1.17085,1.17088,1.17033,1.17045,1803,1.17107531466576,1.1714291880019838,36.79012345679238,-0.00017161803036458423,-0.00010081459357989222,-7.080343678469201e-05
1.17045,1.17054,1.16993,1.16996,1660,1.170969094221402,1.1713715727862197,33.40807174888107,-0.00023879310543684085,-0.00012841029595128195,-0.0001103828094855589
1.16995,1.17054,1.16994,1.17045,1882,1.1709196566765065,1.1713354326769563,40.99378881987675,-0.00024961354196983976,-0.00015265094515499352,-9.696259681484624e-05
1.17045,1.17049,1.17039,1.17043,47,1.1708730227073154,1.1712999255131542,43.516483516485046,-0.00025684193478681117,-0.00017348914308135707,-8.33527917054541e-05
